season,team1,team2,winner
2007/08,Royal Challengers Bangalore,Kolkata Knight Riders,Kolkata Knight Riders
2007/08,Kings XI Punjab,Chennai Super Kings,Chennai Super Kings
2007/08,Delhi Daredevils,Rajasthan Royals,Delhi Daredevils
2007/08,Mumbai Indians,Royal Challengers Bangalore,Royal Challengers Bangalore
2007/08,Kolkata Knight Riders,Deccan Chargers,Kolkata Knight Riders
2007/08,Rajasthan Royals,Kings XI Punjab,Rajasthan Royals
2007/08,Deccan Chargers,Delhi Daredevils,Delhi Daredevils
2007/08,Chennai Super Kings,Mumbai Indians,Chennai Super Kings
2007/08,Deccan Chargers,Rajasthan Royals,Rajasthan Royals
2007/08,Kings XI Punjab,Mumbai Indians,Kings XI Punjab
2007/08,Royal Challengers Bangalore,Rajasthan Royals,Rajasthan Royals
2007/08,Chennai Super Kings,Kolkata Knight Riders,Chennai Super Kings
2007/08,Mumbai Indians,Deccan Chargers,Deccan Chargers
2007/08,Kings XI Punjab,Delhi Daredevils,Kings XI Punjab
2007/08,Royal Challengers Bangalore,Chennai Super Kings,Chennai Super Kings
2007/08,Kolkata Knight Riders,Mumbai Indians,Mumbai Indians
2007/08,Delhi Daredevils,Royal Challengers Bangalore,Delhi Daredevils
2007/08,Deccan Chargers,Kings XI Punjab,Kings XI Punjab
2007/08,Rajasthan Royals,Kolkata Knight Riders,Rajasthan Royals
2007/08,Chennai Super Kings,Delhi Daredevils,Delhi Daredevils
2007/08,Kings XI Punjab,Kolkata Knight Riders,Kings XI Punjab
2007/08,Royal Challengers Bangalore,Deccan Chargers,Royal Challengers Bangalore
2007/08,Mumbai Indians,Delhi Daredevils,Mumbai Indians
2007/08,Rajasthan Royals,Chennai Super Kings,Rajasthan Royals
2007/08,Royal Challengers Bangalore,Kings XI Punjab,Kings XI Punjab
2007/08,Chennai Super Kings,Deccan Chargers,Deccan Chargers
2007/08,Mumbai Indians,Rajasthan Royals,Mumbai Indians
2007/08,Delhi Daredevils,Chennai Super Kings,Chennai Super Kings
2007/08,Kolkata Knight Riders,Royal Challengers Bangalore,Kolkata Knight Riders
2007/08,Rajasthan Royals,Deccan Chargers,Rajasthan Royals
2007/08,Chennai Super Kings,Kings XI Punjab,Chennai Super Kings
2007/08,Deccan Chargers,Kolkata Knight Riders,Kolkata Knight Riders
2007/08,Rajasthan Royals,Delhi Daredevils,Rajasthan Royals
2007/08,Kings XI Punjab,Royal Challengers Bangalore,Kings XI Punjab
2007/08,Kolkata Knight Riders,Delhi Daredevils,Kolkata Knight Riders
2007/08,Mumbai Indians,Chennai Super Kings,Mumbai Indians
2007/08,Delhi Daredevils,Deccan Chargers,Delhi Daredevils
2007/08,Mumbai Indians,Kolkata Knight Riders,Mumbai Indians
2007/08,Delhi Daredevils,Kings XI Punjab,Kings XI Punjab
2007/08,Rajasthan Royals,Royal Challengers Bangalore,Rajasthan Royals
2007/08,Deccan Chargers,Mumbai Indians,Mumbai Indians
2007/08,Kolkata Knight Riders,Chennai Super Kings,Chennai Super Kings
2007/08,Royal Challengers Bangalore,Delhi Daredevils,Delhi Daredevils
2007/08,Kolkata Knight Riders,Rajasthan Royals,Rajasthan Royals
2007/08,Mumbai Indians,Kings XI Punjab,Kings XI Punjab
2007/08,Chennai Super Kings,Royal Challengers Bangalore,Royal Challengers Bangalore
2007/08,Kings XI Punjab,Deccan Chargers,Kings XI Punjab
2007/08,Delhi Daredevils,Mumbai Indians,Delhi Daredevils
2007/08,Chennai Super Kings,Rajasthan Royals,Rajasthan Royals
2007/08,Deccan Chargers,Royal Challengers Bangalore,Royal Challengers Bangalore
2007/08,Kolkata Knight Riders,Kings XI Punjab,Kolkata Knight Riders
2007/08,Rajasthan Royals,Mumbai Indians,Rajasthan Royals
2007/08,Deccan Chargers,Chennai Super Kings,Chennai Super Kings
2007/08,Royal Challengers Bangalore,Mumbai Indians,Mumbai Indians
2007/08,Kings XI Punjab,Rajasthan Royals,Kings XI Punjab
2007/08,Delhi Daredevils,Rajasthan Royals,Rajasthan Royals
2007/08,Chennai Super Kings,Kings XI Punjab,Chennai Super Kings
2009,Chennai Super Kings,Rajasthan Royals,Rajasthan Royals
2009,Chennai Super Kings,Mumbai Indians,Mumbai Indians
2009,Royal Challengers Bangalore,Rajasthan Royals,Royal Challengers Bangalore
2009,Delhi Daredevils,Kings XI Punjab,Delhi Daredevils
2009,Deccan Chargers,Kolkata Knight Riders,Deccan Chargers
2009,Royal Challengers Bangalore,Chennai Super Kings,Chennai Super Kings
2009,Kings XI Punjab,Kolkata Knight Riders,Kolkata Knight Riders
2009,Royal Challengers Bangalore,Deccan Chargers,Deccan Chargers
2009,Chennai Super Kings,Delhi Daredevils,Delhi Daredevils
2009,Kolkata Knight Riders,Rajasthan Royals,Rajasthan Royals
2009,Royal Challengers Bangalore,Kings XI Punjab,Kings XI Punjab
2009,Deccan Chargers,Mumbai Indians,Deccan Chargers
2009,Royal Challengers Bangalore,Delhi Daredevils,Delhi Daredevils
2009,Kings XI Punjab,Rajasthan Royals,Kings XI Punjab
2009,Chennai Super Kings,Deccan Chargers,Deccan Chargers
2009,Kolkata Knight Riders,Mumbai Indians,Mumbai Indians
2009,Delhi Daredevils,Rajasthan Royals,Rajasthan Royals
2009,Royal Challengers Bangalore,Kolkata Knight Riders,Royal Challengers Bangalore
2009,Kings XI Punjab,Mumbai Indians,Kings XI Punjab
2009,Deccan Chargers,Delhi Daredevils,Delhi Daredevils
2009,Chennai Super Kings,Rajasthan Royals,Chennai Super Kings
2009,Kolkata Knight Riders,Mumbai Indians,Mumbai Indians
2009,Royal Challengers Bangalore,Kings XI Punjab,Royal Challengers Bangalore
2009,Deccan Chargers,Rajasthan Royals,Rajasthan Royals
2009,Chennai Super Kings,Delhi Daredevils,Chennai Super Kings
2009,Kings XI Punjab,Kolkata Knight Riders,Kings XI Punjab
2009,Royal Challengers Bangalore,Mumbai Indians,Royal Challengers Bangalore
2009,Chennai Super Kings,Deccan Chargers,Chennai Super Kings
2009,Kings XI Punjab,Rajasthan Royals,Rajasthan Royals
2009,Delhi Daredevils,Kolkata Knight Riders,Delhi Daredevils
2009,Deccan Chargers,Mumbai Indians,Deccan Chargers
2009,Royal Challengers Bangalore,Rajasthan Royals,Rajasthan Royals
2009,Chennai Super Kings,Kings XI Punjab,Chennai Super Kings
2009,Delhi Daredevils,Mumbai Indians,Delhi Daredevils
2009,Deccan Chargers,Kings XI Punjab,Kings XI Punjab
2009,Chennai Super Kings,Rajasthan Royals,Chennai Super Kings
2009,Royal Challengers Bangalore,Mumbai Indians,Mumbai Indians
2009,Delhi Daredevils,Kolkata Knight Riders,Delhi Daredevils
2009,Deccan Chargers,Rajasthan Royals,Deccan Chargers
2009,Royal Challengers Bangalore,Kolkata Knight Riders,Royal Challengers Bangalore
2009,Kings XI Punjab,Mumbai Indians,Mumbai Indians
2009,Deccan Chargers,Delhi Daredevils,Delhi Daredevils
2009,Royal Challengers Bangalore,Chennai Super Kings,Royal Challengers Bangalore
2009,Mumbai Indians,Rajasthan Royals,Rajasthan Royals
2009,Delhi Daredevils,Kings XI Punjab,Kings XI Punjab
2009,Chennai Super Kings,Mumbai Indians,Chennai Super Kings
2009,Deccan Chargers,Kolkata Knight Riders,Deccan Chargers
2009,Deccan Chargers,Kings XI Punjab,Kings XI Punjab
2009,Delhi Daredevils,Rajasthan Royals,Delhi Daredevils
2009,Chennai Super Kings,Kolkata Knight Riders,Kolkata Knight Riders
2009,Royal Challengers Bangalore,Delhi Daredevils,Royal Challengers Bangalore
2009,Kolkata Knight Riders,Rajasthan Royals,Kolkata Knight Riders
2009,Chennai Super Kings,Kings XI Punjab,Chennai Super Kings
2009,Delhi Daredevils,Mumbai Indians,Delhi Daredevils
2009,Royal Challengers Bangalore,Deccan Chargers,Royal Challengers Bangalore
2009,Delhi Daredevils,Deccan Chargers,Deccan Chargers
2009,Royal Challengers Bangalore,Chennai Super Kings,Royal Challengers Bangalore
2009/10,Royal Challengers Bangalore,Deccan Chargers,Deccan Chargers
2009/10,Deccan Chargers,Kolkata Knight Riders,Kolkata Knight Riders
2009/10,Mumbai Indians,Rajasthan Royals,Mumbai Indians
2009/10,Kings XI Punjab,Delhi Daredevils,Delhi Daredevils
2009/10,Kolkata Knight Riders,Royal Challengers Bangalore,Kolkata Knight Riders
2009/10,Chennai Super Kings,Deccan Chargers,Deccan Chargers
2009/10,Rajasthan Royals,Delhi Daredevils,Delhi Daredevils
2009/10,Royal Challengers Bangalore,Kings XI Punjab,Royal Challengers Bangalore
2009/10,Kolkata Knight Riders,Chennai Super Kings,Chennai Super Kings
2009/10,Delhi Daredevils,Mumbai Indians,Mumbai Indians
2009/10,Royal Challengers Bangalore,Rajasthan Royals,Royal Challengers Bangalore
2009/10,Delhi Daredevils,Chennai Super Kings,Chennai Super Kings
2009/10,Deccan Chargers,Kings XI Punjab,Deccan Chargers
2009/10,Rajasthan Royals,Kolkata Knight Riders,Rajasthan Royals
2009/10,Mumbai Indians,Royal Challengers Bangalore,Royal Challengers Bangalore
2009/10,Deccan Chargers,Delhi Daredevils,Deccan Chargers
2009/10,Chennai Super Kings,Kings XI Punjab,Kings XI Punjab
2009/10,Mumbai Indians,Kolkata Knight Riders,Mumbai Indians
2009/10,Royal Challengers Bangalore,Chennai Super Kings,Royal Challengers Bangalore
2009/10,Kings XI Punjab,Rajasthan Royals,Rajasthan Royals
2009/10,Chennai Super Kings,Mumbai Indians,Mumbai Indians
2009/10,Royal Challengers Bangalore,Delhi Daredevils,Delhi Daredevils
2009/10,Rajasthan Royals,Deccan Chargers,Rajasthan Royals
2009/10,Kings XI Punjab,Kolkata Knight Riders,Kolkata Knight Riders
2009/10,Rajasthan Royals,Chennai Super Kings,Rajasthan Royals
2009/10,Deccan Chargers,Mumbai Indians,Mumbai Indians
2009/10,Delhi Daredevils,Kolkata Knight Riders,Delhi Daredevils
2009/10,Mumbai Indians,Kings XI Punjab,Mumbai Indians
2009/10,Chennai Super Kings,Royal Challengers Bangalore,Chennai Super Kings
2009/10,Delhi Daredevils,Rajasthan Royals,Delhi Daredevils
2009/10,Kolkata Knight Riders,Deccan Chargers,Kolkata Knight Riders
2009/10,Kings XI Punjab,Royal Challengers Bangalore,Royal Challengers Bangalore
2009/10,Chennai Super Kings,Rajasthan Royals,Chennai Super Kings
2009/10,Mumbai Indians,Deccan Chargers,Mumbai Indians
2009/10,Kolkata Knight Riders,Kings XI Punjab,Kings XI Punjab
2009/10,Delhi Daredevils,Royal Challengers Bangalore,Delhi Daredevils
2009/10,Deccan Chargers,Rajasthan Royals,Rajasthan Royals
2009/10,Chennai Super Kings,Mumbai Indians,Chennai Super Kings
2009/10,Rajasthan Royals,Kings XI Punjab,Rajasthan Royals
2009/10,Kolkata Knight Riders,Delhi Daredevils,Kolkata Knight Riders
2009/10,Royal Challengers Bangalore,Deccan Chargers,Deccan Chargers
2009/10,Kings XI Punjab,Mumbai Indians,Kings XI Punjab
2009/10,Deccan Chargers,Chennai Super Kings,Deccan Chargers
2009/10,Royal Challengers Bangalore,Kolkata Knight Riders,Royal Challengers Bangalore
2009/10,Delhi Daredevils,Kings XI Punjab,Kings XI Punjab
2009/10,Rajasthan Royals,Mumbai Indians,Mumbai Indians
2009/10,Deccan Chargers,Royal Challengers Bangalore,Deccan Chargers
2009/10,Mumbai Indians,Delhi Daredevils,Mumbai Indians
2009/10,Chennai Super Kings,Kolkata Knight Riders,Chennai Super Kings
2009/10,Rajasthan Royals,Royal Challengers Bangalore,Royal Challengers Bangalore
2009/10,Chennai Super Kings,Delhi Daredevils,Delhi Daredevils
2009/10,Kings XI Punjab,Deccan Chargers,Deccan Chargers
2009/10,Royal Challengers Bangalore,Mumbai Indians,Mumbai Indians
2009/10,Kolkata Knight Riders,Rajasthan Royals,Kolkata Knight Riders
2009/10,Kings XI Punjab,Chennai Super Kings,Chennai Super Kings
2009/10,Delhi Daredevils,Deccan Chargers,Deccan Chargers
2009/10,Kolkata Knight Riders,Mumbai Indians,Kolkata Knight Riders
2009/10,Royal Challengers Bangalore,Mumbai Indians,Mumbai Indians
2009/10,Chennai Super Kings,Deccan Chargers,Chennai Super Kings
2009/10,Royal Challengers Bangalore,Deccan Chargers,Royal Challengers Bangalore
2011,Chennai Super Kings,Mumbai Indians,Chennai Super Kings
2011,Chennai Super Kings,Kolkata Knight Riders,Chennai Super Kings
2011,Deccan Chargers,Rajasthan Royals,Rajasthan Royals
2011,Kochi Tuskers Kerala,Royal Challengers Bangalore,Royal Challengers Bangalore
2011,Delhi Daredevils,Mumbai Indians,Mumbai Indians
2011,Pune Warriors,Kings XI Punjab,Pune Warriors
2011,Kolkata Knight Riders,Deccan Chargers,Kolkata Knight Riders
2011,Rajasthan Royals,Delhi Daredevils,Rajasthan Royals
2011,Royal Challengers Bangalore,Mumbai Indians,Mumbai Indians
2011,Kings XI Punjab,Chennai Super Kings,Kings XI Punjab
2011,Pune Warriors,Kochi Tuskers Kerala,Pune Warriors
2011,Deccan Chargers,Royal Challengers Bangalore,Deccan Chargers
2011,Rajasthan Royals,Kolkata Knight Riders,Kolkata Knight Riders
2011,Mumbai Indians,Kochi Tuskers Kerala,Kochi Tuskers Kerala
2011,Chennai Super Kings,Royal Challengers Bangalore,Chennai Super Kings
2011,Deccan Chargers,Kings XI Punjab,Kings XI Punjab
2011,Pune Warriors,Delhi Daredevils,Delhi Daredevils
2011,Kolkata Knight Riders,Rajasthan Royals,Kolkata Knight Riders
2011,Kochi Tuskers Kerala,Chennai Super Kings,Kochi Tuskers Kerala
2011,Delhi Daredevils,Deccan Chargers,Deccan Chargers
2011,Mumbai Indians,Pune Warriors,Mumbai Indians
2011,Kolkata Knight Riders,Kochi Tuskers Kerala,Kochi Tuskers Kerala
2011,Kings XI Punjab,Rajasthan Royals,Kings XI Punjab
2011,Mumbai Indians,Chennai Super Kings,Mumbai Indians
2011,Kolkata Knight Riders,Royal Challengers Bangalore,Royal Challengers Bangalore
2011,Delhi Daredevils,Kings XI Punjab,Delhi Daredevils
2011,Deccan Chargers,Mumbai Indians,Mumbai Indians
2011,Rajasthan Royals,Kochi Tuskers Kerala,Rajasthan Royals
2011,Chennai Super Kings,Pune Warriors,Chennai Super Kings
2011,Delhi Daredevils,Royal Challengers Bangalore,Royal Challengers Bangalore
2011,Pune Warriors,Chennai Super Kings,Chennai Super Kings
2011,Kochi Tuskers Kerala,Deccan Chargers,Deccan Chargers
2011,Delhi Daredevils,Kolkata Knight Riders,Kolkata Knight Riders
2011,Rajasthan Royals,Mumbai Indians,Rajasthan Royals
2011,Royal Challengers Bangalore,Pune Warriors,Royal Challengers Bangalore
2011,Kochi Tuskers Kerala,Delhi Daredevils,Delhi Daredevils
2011,Kolkata Knight Riders,Kings XI Punjab,Kolkata Knight Riders
2011,Rajasthan Royals,Pune Warriors,Rajasthan Royals
2011,Chennai Super Kings,Deccan Chargers,Chennai Super Kings
2011,Mumbai Indians,Kings XI Punjab,Mumbai Indians
2011,Delhi Daredevils,Kochi Tuskers Kerala,Kochi Tuskers Kerala
2011,Deccan Chargers,Kolkata Knight Riders,Kolkata Knight Riders
2011,Chennai Super Kings,Rajasthan Royals,Chennai Super Kings
2011,Pune Warriors,Mumbai Indians,Mumbai Indians
2011,Kochi Tuskers Kerala,Kolkata Knight Riders,Kochi Tuskers Kerala
2011,Deccan Chargers,Delhi Daredevils,Delhi Daredevils
2011,Royal Challengers Bangalore,Kings XI Punjab,Royal Challengers Bangalore
2011,Kolkata Knight Riders,Chennai Super Kings,Kolkata Knight Riders
2011,Mumbai Indians,Delhi Daredevils,Mumbai Indians
2011,Royal Challengers Bangalore,Kochi Tuskers Kerala,Royal Challengers Bangalore
2011,Kings XI Punjab,Pune Warriors,Pune Warriors
2011,Rajasthan Royals,Chennai Super Kings,Chennai Super Kings
2011,Deccan Chargers,Pune Warriors,Pune Warriors
2011,Kings XI Punjab,Mumbai Indians,Kings XI Punjab
2011,Rajasthan Royals,Royal Challengers Bangalore,Royal Challengers Bangalore
2011,Chennai Super Kings,Delhi Daredevils,Chennai Super Kings
2011,Kochi Tuskers Kerala,Kings XI Punjab,Kings XI Punjab
2011,Royal Challengers Bangalore,Kolkata Knight Riders,Royal Challengers Bangalore
2011,Mumbai Indians,Deccan Chargers,Deccan Chargers
2011,Kings XI Punjab,Delhi Daredevils,Kings XI Punjab
2011,Kochi Tuskers Kerala,Rajasthan Royals,Kochi Tuskers Kerala
2011,Pune Warriors,Deccan Chargers,Deccan Chargers
2011,Kings XI Punjab,Royal Challengers Bangalore,Kings XI Punjab
2011,Chennai Super Kings,Kochi Tuskers Kerala,Chennai Super Kings
2011,Pune Warriors,Kolkata Knight Riders,Kolkata Knight Riders
2011,Mumbai Indians,Rajasthan Royals,Rajasthan Royals
2011,Kings XI Punjab,Deccan Chargers,Deccan Chargers
2011,Delhi Daredevils,Pune Warriors,NA
2011,Royal Challengers Bangalore,Chennai Super Kings,Royal Challengers Bangalore
2011,Kolkata Knight Riders,Mumbai Indians,Mumbai Indians
2011,Royal Challengers Bangalore,Chennai Super Kings,Chennai Super Kings
2011,Mumbai Indians,Kolkata Knight Riders,Mumbai Indians
2011,Royal Challengers Bangalore,Mumbai Indians,Royal Challengers Bangalore
2012,Chennai Super Kings,Royal Challengers Bangalore,Chennai Super Kings
2012,Chennai Super Kings,Mumbai Indians,Mumbai Indians
2012,Kolkata Knight Riders,Delhi Daredevils,Delhi Daredevils
2012,Mumbai Indians,Pune Warriors,Pune Warriors
2012,Rajasthan Royals,Kings XI Punjab,Rajasthan Royals
2012,Royal Challengers Bangalore,Delhi Daredevils,Royal Challengers Bangalore
2012,Deccan Chargers,Chennai Super Kings,Chennai Super Kings
2012,Rajasthan Royals,Kolkata Knight Riders,Rajasthan Royals
2012,Pune Warriors,Kings XI Punjab,Pune Warriors
2012,Deccan Chargers,Mumbai Indians,Mumbai Indians
2012,Royal Challengers Bangalore,Kolkata Knight Riders,Kolkata Knight Riders
2012,Delhi Daredevils,Chennai Super Kings,Delhi Daredevils
2012,Mumbai Indians,Rajasthan Royals,Mumbai Indians
2012,Chennai Super Kings,Royal Challengers Bangalore,Chennai Super Kings
2012,Kings XI Punjab,Pune Warriors,Kings XI Punjab
2012,Kolkata Knight Riders,Rajasthan Royals,Kolkata Knight Riders
2012,Pune Warriors,Chennai Super Kings,Pune Warriors
2012,Kolkata Knight Riders,Kings XI Punjab,Kings XI Punjab
2012,Royal Challengers Bangalore,Rajasthan Royals,Rajasthan Royals
2012,Mumbai Indians,Delhi Daredevils,Delhi Daredevils
2012,Rajasthan Royals,Deccan Chargers,Rajasthan Royals
2012,Royal Challengers Bangalore,Pune Warriors,Royal Challengers Bangalore
2012,Kings XI Punjab,Kolkata Knight Riders,Kolkata Knight Riders
2012,Delhi Daredevils,Deccan Chargers,Delhi Daredevils
2012,Chennai Super Kings,Pune Warriors,Chennai Super Kings
2012,Kings XI Punjab,Royal Challengers Bangalore,Royal Challengers Bangalore
2012,Chennai Super Kings,Rajasthan Royals,Chennai Super Kings
2012,Delhi Daredevils,Pune Warriors,Pune Warriors
2012,Mumbai Indians,Kings XI Punjab,Kings XI Punjab
2012,Deccan Chargers,Kolkata Knight Riders,Kolkata Knight Riders
2012,Rajasthan Royals,Royal Challengers Bangalore,Royal Challengers Bangalore
2012,Pune Warriors,Delhi Daredevils,Delhi Daredevils
2012,Kings XI Punjab,Mumbai Indians,Mumbai Indians
2012,Pune Warriors,Deccan Chargers,Deccan Chargers
2012,Delhi Daredevils,Mumbai Indians,Delhi Daredevils
2012,Chennai Super Kings,Kings XI Punjab,Kings XI Punjab
2012,Kolkata Knight Riders,Royal Challengers Bangalore,Kolkata Knight Riders
2012,Delhi Daredevils,Rajasthan Royals,Delhi Daredevils
2012,Mumbai Indians,Deccan Chargers,Mumbai Indians
2012,Chennai Super Kings,Kolkata Knight Riders,Kolkata Knight Riders
2012,Deccan Chargers,Pune Warriors,Deccan Chargers
2012,Rajasthan Royals,Delhi Daredevils,Delhi Daredevils
2012,Royal Challengers Bangalore,Kings XI Punjab,Kings XI Punjab
2012,Pune Warriors,Mumbai Indians,Mumbai Indians
2012,Chennai Super Kings,Deccan Chargers,Chennai Super Kings
2012,Kolkata Knight Riders,Pune Warriors,Kolkata Knight Riders
2012,Kings XI Punjab,Rajasthan Royals,Rajasthan Royals
2012,Mumbai Indians,Chennai Super Kings,Mumbai Indians
2012,Royal Challengers Bangalore,Deccan Chargers,Royal Challengers Bangalore
2012,Delhi Daredevils,Kolkata Knight Riders,Kolkata Knight Riders
2012,Pune Warriors,Rajasthan Royals,Rajasthan Royals
2012,Deccan Chargers,Kings XI Punjab,Kings XI Punjab
2012,Mumbai Indians,Royal Challengers Bangalore,Royal Challengers Bangalore
2012,Deccan Chargers,Delhi Daredevils,Delhi Daredevils
2012,Rajasthan Royals,Chennai Super Kings,Chennai Super Kings
2012,Pune Warriors,Royal Challengers Bangalore,Royal Challengers Bangalore
2012,Kolkata Knight Riders,Mumbai Indians,Mumbai Indians
2012,Chennai Super Kings,Delhi Daredevils,Chennai Super Kings
2012,Rajasthan Royals,Pune Warriors,Rajasthan Royals
2012,Kings XI Punjab,Deccan Chargers,Kings XI Punjab
2012,Royal Challengers Bangalore,Mumbai Indians,Mumbai Indians
2012,Kolkata Knight Riders,Chennai Super Kings,Chennai Super Kings
2012,Delhi Daredevils,Kings XI Punjab,Delhi Daredevils
2012,Mumbai Indians,Kolkata Knight Riders,Kolkata Knight Riders
2012,Kings XI Punjab,Chennai Super Kings,Kings XI Punjab
2012,Delhi Daredevils,Royal Challengers Bangalore,Royal Challengers Bangalore
2012,Deccan Chargers,Rajasthan Royals,Deccan Chargers
2012,Kings XI Punjab,Delhi Daredevils,Delhi Daredevils
2012,Pune Warriors,Kolkata Knight Riders,Kolkata Knight Riders
2012,Deccan Chargers,Royal Challengers Bangalore,Deccan Chargers
2012,Rajasthan Royals,Mumbai Indians,Mumbai Indians
2012,Delhi Daredevils,Kolkata Knight Riders,Kolkata Knight Riders
2012,Chennai Super Kings,Mumbai Indians,Chennai Super Kings
2012,Delhi Daredevils,Chennai Super Kings,Chennai Super Kings
2013,Kolkata Knight Riders,Chennai Super Kings,Kolkata Knight Riders
2013,Kolkata Knight Riders,Delhi Daredevils,Kolkata Knight Riders
2013,Royal Challengers Bangalore,Mumbai Indians,Royal Challengers Bangalore
2013,Sunrisers Hyderabad,Pune Warriors,Sunrisers Hyderabad
2013,Delhi Daredevils,Rajasthan Royals,Rajasthan Royals
2013,Chennai Super Kings,Mumbai Indians,Mumbai Indians
2013,Pune Warriors,Kings XI Punjab,Kings XI Punjab
2013,Sunrisers Hyderabad,Royal Challengers Bangalore,Sunrisers Hyderabad
2013,Rajasthan Royals,Kolkata Knight Riders,Rajasthan Royals
2013,Mumbai Indians,Delhi Daredevils,Mumbai Indians
2013,Royal Challengers Bangalore,Sunrisers Hyderabad,Royal Challengers Bangalore
2013,Kings XI Punjab,Chennai Super Kings,Chennai Super Kings
2013,Royal Challengers Bangalore,Kolkata Knight Riders,Royal Challengers Bangalore
2013,Pune Warriors,Rajasthan Royals,Pune Warriors
2013,Delhi Daredevils,Sunrisers Hyderabad,Sunrisers Hyderabad
2013,Mumbai Indians,Pune Warriors,Mumbai Indians
2013,Chennai Super Kings,Royal Challengers Bangalore,Chennai Super Kings
2013,Kolkata Knight Riders,Sunrisers Hyderabad,Kolkata Knight Riders
2013,Rajasthan Royals,Kings XI Punjab,Rajasthan Royals
2013,Chennai Super Kings,Pune Warriors,Pune Warriors
2013,Kings XI Punjab,Kolkata Knight Riders,Kings XI Punjab
2013,Royal Challengers Bangalore,Delhi Daredevils,Royal Challengers Bangalore
2013,Pune Warriors,Sunrisers Hyderabad,Sunrisers Hyderabad
2013,Rajasthan Royals,Mumbai Indians,Rajasthan Royals
2013,Delhi Daredevils,Chennai Super Kings,Chennai Super Kings
2013,Sunrisers Hyderabad,Kings XI Punjab,Sunrisers Hyderabad
2013,Kolkata Knight Riders,Chennai Super Kings,Chennai Super Kings
2013,Royal Challengers Bangalore,Rajasthan Royals,Royal Challengers Bangalore
2013,Delhi Daredevils,Mumbai Indians,Delhi Daredevils
2013,Kings XI Punjab,Pune Warriors,Kings XI Punjab
2013,Chennai Super Kings,Rajasthan Royals,Chennai Super Kings
2013,Royal Challengers Bangalore,Pune Warriors,Royal Challengers Bangalore
2013,Delhi Daredevils,Kings XI Punjab,Kings XI Punjab
2013,Kolkata Knight Riders,Mumbai Indians,Mumbai Indians
2013,Chennai Super Kings,Sunrisers Hyderabad,Chennai Super Kings
2013,Kolkata Knight Riders,Kings XI Punjab,Kolkata Knight Riders
2013,Rajasthan Royals,Sunrisers Hyderabad,Rajasthan Royals
2013,Mumbai Indians,Royal Challengers Bangalore,Mumbai Indians
2013,Chennai Super Kings,Kolkata Knight Riders,Chennai Super Kings
2013,Delhi Daredevils,Pune Warriors,Delhi Daredevils
2013,Rajasthan Royals,Royal Challengers Bangalore,Rajasthan Royals
2013,Mumbai Indians,Kings XI Punjab,Mumbai Indians
2013,Pune Warriors,Chennai Super Kings,Chennai Super Kings
2013,Sunrisers Hyderabad,Mumbai Indians,Sunrisers Hyderabad
2013,Delhi Daredevils,Kolkata Knight Riders,Delhi Daredevils
2013,Chennai Super Kings,Kings XI Punjab,Chennai Super Kings
2013,Pune Warriors,Royal Challengers Bangalore,Royal Challengers Bangalore
2013,Kolkata Knight Riders,Rajasthan Royals,Kolkata Knight Riders
2013,Sunrisers Hyderabad,Delhi Daredevils,Sunrisers Hyderabad
2013,Mumbai Indians,Chennai Super Kings,Mumbai Indians
2013,Rajasthan Royals,Pune Warriors,Rajasthan Royals
2013,Kings XI Punjab,Royal Challengers Bangalore,Kings XI Punjab
2013,Rajasthan Royals,Delhi Daredevils,Rajasthan Royals
2013,Mumbai Indians,Kolkata Knight Riders,Mumbai Indians
2013,Sunrisers Hyderabad,Chennai Super Kings,Chennai Super Kings
2013,Kings XI Punjab,Rajasthan Royals,Rajasthan Royals
2013,Pune Warriors,Kolkata Knight Riders,Kolkata Knight Riders
2013,Delhi Daredevils,Royal Challengers Bangalore,Royal Challengers Bangalore
2013,Pune Warriors,Mumbai Indians,Mumbai Indians
2013,Kings XI Punjab,Sunrisers Hyderabad,Sunrisers Hyderabad
2013,Kolkata Knight Riders,Royal Challengers Bangalore,Kolkata Knight Riders
2013,Rajasthan Royals,Chennai Super Kings,Rajasthan Royals
2013,Mumbai Indians,Sunrisers Hyderabad,Mumbai Indians
2013,Royal Challengers Bangalore,Kings XI Punjab,Kings XI Punjab
2013,Chennai Super Kings,Delhi Daredevils,Chennai Super Kings
2013,Kolkata Knight Riders,Pune Warriors,Pune Warriors
2013,Mumbai Indians,Rajasthan Royals,Mumbai Indians
2013,Kings XI Punjab,Delhi Daredevils,Kings XI Punjab
2013,Sunrisers Hyderabad,Rajasthan Royals,Sunrisers Hyderabad
2013,Kings XI Punjab,Mumbai Indians,Kings XI Punjab
2013,Royal Challengers Bangalore,Chennai Super Kings,Royal Challengers Bangalore
2013,Pune Warriors,Delhi Daredevils,Pune Warriors
2013,Sunrisers Hyderabad,Kolkata Knight Riders,Sunrisers Hyderabad
2013,Chennai Super Kings,Mumbai Indians,Chennai Super Kings
2013,Rajasthan Royals,Sunrisers Hyderabad,Rajasthan Royals
2013,Mumbai Indians,Rajasthan Royals,Mumbai Indians
2014,Chennai Super Kings,Mumbai Indians,Mumbai Indians
2014,Mumbai Indians,Kolkata Knight Riders,Kolkata Knight Riders
2014,Delhi Daredevils,Royal Challengers Bangalore,Royal Challengers Bangalore
2014,Chennai Super Kings,Kings XI Punjab,Kings XI Punjab
2014,Sunrisers Hyderabad,Rajasthan Royals,Rajasthan Royals
2014,Royal Challengers Bangalore,Mumbai Indians,Royal Challengers Bangalore
2014,Kolkata Knight Riders,Delhi Daredevils,Delhi Daredevils
2014,Rajasthan Royals,Kings XI Punjab,Kings XI Punjab
2014,Chennai Super Kings,Delhi Daredevils,Chennai Super Kings
2014,Kings XI Punjab,Sunrisers Hyderabad,Kings XI Punjab
2014,Rajasthan Royals,Chennai Super Kings,Chennai Super Kings
2014,Royal Challengers Bangalore,Kolkata Knight Riders,Kolkata Knight Riders
2014,Sunrisers Hyderabad,Delhi Daredevils,Sunrisers Hyderabad
2014,Chennai Super Kings,Mumbai Indians,Chennai Super Kings
2014,Rajasthan Royals,Royal Challengers Bangalore,Rajasthan Royals
2014,Kolkata Knight Riders,Kings XI Punjab,Kings XI Punjab
2014,Delhi Daredevils,Mumbai Indians,Delhi Daredevils
2014,Sunrisers Hyderabad,Chennai Super Kings,Chennai Super Kings
2014,Kings XI Punjab,Royal Challengers Bangalore,Kings XI Punjab
2014,Kolkata Knight Riders,Rajasthan Royals,Rajasthan Royals
2014,Mumbai Indians,Sunrisers Hyderabad,Sunrisers Hyderabad
2014,Chennai Super Kings,Kolkata Knight Riders,Chennai Super Kings
2014,Mumbai Indians,Kings XI Punjab,Mumbai Indians
2014,Delhi Daredevils,Rajasthan Royals,Rajasthan Royals
2014,Royal Challengers Bangalore,Sunrisers Hyderabad,Royal Challengers Bangalore
2014,Rajasthan Royals,Kolkata Knight Riders,Rajasthan Royals
2014,Delhi Daredevils,Chennai Super Kings,Chennai Super Kings
2014,Mumbai Indians,Royal Challengers Bangalore,Mumbai Indians
2014,Delhi Daredevils,Kolkata Knight Riders,Kolkata Knight Riders
2014,Kings XI Punjab,Chennai Super Kings,Kings XI Punjab
2014,Rajasthan Royals,Sunrisers Hyderabad,Sunrisers Hyderabad
2014,Royal Challengers Bangalore,Kings XI Punjab,Kings XI Punjab
2014,Delhi Daredevils,Sunrisers Hyderabad,Sunrisers Hyderabad
2014,Mumbai Indians,Chennai Super Kings,Chennai Super Kings
2014,Kings XI Punjab,Kolkata Knight Riders,Kolkata Knight Riders
2014,Royal Challengers Bangalore,Rajasthan Royals,Rajasthan Royals
2014,Sunrisers Hyderabad,Mumbai Indians,Mumbai Indians
2014,Chennai Super Kings,Rajasthan Royals,Chennai Super Kings
2014,Royal Challengers Bangalore,Delhi Daredevils,Royal Challengers Bangalore
2014,Sunrisers Hyderabad,Kings XI Punjab,Kings XI Punjab
2014,Kolkata Knight Riders,Mumbai Indians,Kolkata Knight Riders
2014,Rajasthan Royals,Delhi Daredevils,Rajasthan Royals
2014,Chennai Super Kings,Royal Challengers Bangalore,Royal Challengers Bangalore
2014,Sunrisers Hyderabad,Kolkata Knight Riders,Kolkata Knight Riders
2014,Rajasthan Royals,Mumbai Indians,Mumbai Indians
2014,Delhi Daredevils,Kings XI Punjab,Kings XI Punjab
2014,Sunrisers Hyderabad,Royal Challengers Bangalore,Sunrisers Hyderabad
2014,Kolkata Knight Riders,Chennai Super Kings,Kolkata Knight Riders
2014,Kings XI Punjab,Mumbai Indians,Mumbai Indians
2014,Kolkata Knight Riders,Royal Challengers Bangalore,Kolkata Knight Riders
2014,Chennai Super Kings,Sunrisers Hyderabad,Sunrisers Hyderabad
2014,Mumbai Indians,Delhi Daredevils,Mumbai Indians
2014,Kings XI Punjab,Rajasthan Royals,Kings XI Punjab
2014,Royal Challengers Bangalore,Chennai Super Kings,Chennai Super Kings
2014,Kolkata Knight Riders,Sunrisers Hyderabad,Kolkata Knight Riders
2014,Kings XI Punjab,Delhi Daredevils,Kings XI Punjab
2014,Mumbai Indians,Rajasthan Royals,Mumbai Indians
2014,Kings XI Punjab,Kolkata Knight Riders,Kolkata Knight Riders
2014,Chennai Super Kings,Mumbai Indians,Chennai Super Kings
2014,Chennai Super Kings,Kings XI Punjab,Kings XI Punjab
2015,Kolkata Knight Riders,Kings XI Punjab,Kolkata Knight Riders
2015,Kolkata Knight Riders,Mumbai Indians,Kolkata Knight Riders
2015,Chennai Super Kings,Delhi Daredevils,Chennai Super Kings
2015,Kings XI Punjab,Rajasthan Royals,Rajasthan Royals
2015,Chennai Super Kings,Sunrisers Hyderabad,Chennai Super Kings
2015,Kolkata Knight Riders,Royal Challengers Bangalore,Royal Challengers Bangalore
2015,Delhi Daredevils,Rajasthan Royals,Rajasthan Royals
2015,Mumbai Indians,Kings XI Punjab,Kings XI Punjab
2015,Royal Challengers Bangalore,Sunrisers Hyderabad,Sunrisers Hyderabad
2015,Rajasthan Royals,Mumbai Indians,Rajasthan Royals
2015,Kings XI Punjab,Delhi Daredevils,Delhi Daredevils
2015,Sunrisers Hyderabad,Rajasthan Royals,Rajasthan Royals
2015,Mumbai Indians,Chennai Super Kings,Chennai Super Kings
2015,Sunrisers Hyderabad,Delhi Daredevils,Delhi Daredevils
2015,Kings XI Punjab,Kolkata Knight Riders,Kolkata Knight Riders
2015,Rajasthan Royals,Chennai Super Kings,Rajasthan Royals
2015,Royal Challengers Bangalore,Mumbai Indians,Mumbai Indians
2015,Delhi Daredevils,Kolkata Knight Riders,Kolkata Knight Riders
2015,Rajasthan Royals,Kings XI Punjab,Kings XI Punjab
2015,Sunrisers Hyderabad,Kolkata Knight Riders,Sunrisers Hyderabad
2015,Royal Challengers Bangalore,Chennai Super Kings,Chennai Super Kings
2015,Delhi Daredevils,Mumbai Indians,Delhi Daredevils
2015,Rajasthan Royals,Royal Challengers Bangalore,Royal Challengers Bangalore
2015,Mumbai Indians,Sunrisers Hyderabad,Mumbai Indians
2015,Chennai Super Kings,Kings XI Punjab,Chennai Super Kings
2015,Delhi Daredevils,Royal Challengers Bangalore,Royal Challengers Bangalore
2015,Kings XI Punjab,Sunrisers Hyderabad,Sunrisers Hyderabad
2015,Chennai Super Kings,Kolkata Knight Riders,Chennai Super Kings
2015,Royal Challengers Bangalore,Rajasthan Royals,NA
2015,Kolkata Knight Riders,Chennai Super Kings,Kolkata Knight Riders
2015,Delhi Daredevils,Kings XI Punjab,Delhi Daredevils
2015,Mumbai Indians,Rajasthan Royals,Mumbai Indians
2015,Royal Challengers Bangalore,Kolkata Knight Riders,Royal Challengers Bangalore
2015,Sunrisers Hyderabad,Chennai Super Kings,Sunrisers Hyderabad
2015,Kings XI Punjab,Mumbai Indians,Mumbai Indians
2015,Rajasthan Royals,Delhi Daredevils,Rajasthan Royals
2015,Chennai Super Kings,Royal Challengers Bangalore,Chennai Super Kings
2015,Kolkata Knight Riders,Sunrisers Hyderabad,Kolkata Knight Riders
2015,Mumbai Indians,Delhi Daredevils,Mumbai Indians
2015,Royal Challengers Bangalore,Kings XI Punjab,Royal Challengers Bangalore
2015,Kolkata Knight Riders,Delhi Daredevils,Kolkata Knight Riders
2015,Rajasthan Royals,Sunrisers Hyderabad,Sunrisers Hyderabad
2015,Chennai Super Kings,Mumbai Indians,Mumbai Indians
2015,Kolkata Knight Riders,Kings XI Punjab,Kolkata Knight Riders
2015,Delhi Daredevils,Sunrisers Hyderabad,Sunrisers Hyderabad
2015,Mumbai Indians,Royal Challengers Bangalore,Royal Challengers Bangalore
2015,Chennai Super Kings,Rajasthan Royals,Chennai Super Kings
2015,Sunrisers Hyderabad,Kings XI Punjab,Sunrisers Hyderabad
2015,Delhi Daredevils,Chennai Super Kings,Delhi Daredevils
2015,Kings XI Punjab,Royal Challengers Bangalore,Kings XI Punjab
2015,Mumbai Indians,Kolkata Knight Riders,Mumbai Indians
2015,Sunrisers Hyderabad,Royal Challengers Bangalore,Royal Challengers Bangalore
2015,Kings XI Punjab,Chennai Super Kings,Chennai Super Kings
2015,Rajasthan Royals,Kolkata Knight Riders,Rajasthan Royals
2015,Royal Challengers Bangalore,Delhi Daredevils,NA
2015,Sunrisers Hyderabad,Mumbai Indians,Mumbai Indians
2015,Chennai Super Kings,Mumbai Indians,Mumbai Indians
2015,Royal Challengers Bangalore,Rajasthan Royals,Royal Challengers Bangalore
2015,Chennai Super Kings,Royal Challengers Bangalore,Chennai Super Kings
2016,Mumbai Indians,Chennai Super Kings,Mumbai Indians
2016,Mumbai Indians,Rising Pune Supergiants,Rising Pune Supergiants
2016,Kolkata Knight Riders,Delhi Daredevils,Kolkata Knight Riders
2016,Kings XI Punjab,Gujarat Lions,Gujarat Lions
2016,Royal Challengers Bangalore,Sunrisers Hyderabad,Royal Challengers Bangalore
2016,Kolkata Knight Riders,Mumbai Indians,Mumbai Indians
2016,Gujarat Lions,Rising Pune Supergiants,Gujarat Lions
2016,Delhi Daredevils,Kings XI Punjab,Delhi Daredevils
2016,Sunrisers Hyderabad,Kolkata Knight Riders,Kolkata Knight Riders
2016,Mumbai Indians,Gujarat Lions,Gujarat Lions
2016,Kings XI Punjab,Rising Pune Supergiants,Kings XI Punjab
2016,Royal Challengers Bangalore,Delhi Daredevils,Delhi Daredevils
2016,Sunrisers Hyderabad,Mumbai Indians,Sunrisers Hyderabad
2016,Kings XI Punjab,Kolkata Knight Riders,Kolkata Knight Riders
2016,Mumbai Indians,Royal Challengers Bangalore,Mumbai Indians
2016,Gujarat Lions,Sunrisers Hyderabad,Sunrisers Hyderabad
2016,Rising Pune Supergiants,Royal Challengers Bangalore,Royal Challengers Bangalore
2016,Delhi Daredevils,Mumbai Indians,Delhi Daredevils
2016,Sunrisers Hyderabad,Kings XI Punjab,Sunrisers Hyderabad
2016,Gujarat Lions,Royal Challengers Bangalore,Gujarat Lions
2016,Rising Pune Supergiants,Kolkata Knight Riders,Kolkata Knight Riders
2016,Kings XI Punjab,Mumbai Indians,Mumbai Indians
2016,Sunrisers Hyderabad,Rising Pune Supergiants,Rising Pune Supergiants
2016,Delhi Daredevils,Gujarat Lions,Gujarat Lions
2016,Mumbai Indians,Kolkata Knight Riders,Mumbai Indians
2016,Rising Pune Supergiants,Gujarat Lions,Gujarat Lions
2016,Delhi Daredevils,Kolkata Knight Riders,Delhi Daredevils
2016,Sunrisers Hyderabad,Royal Challengers Bangalore,Sunrisers Hyderabad
2016,Gujarat Lions,Kings XI Punjab,Kings XI Punjab
2016,Rising Pune Supergiants,Mumbai Indians,Mumbai Indians
2016,Royal Challengers Bangalore,Kolkata Knight Riders,Kolkata Knight Riders
2016,Gujarat Lions,Delhi Daredevils,Delhi Daredevils
2016,Kolkata Knight Riders,Kings XI Punjab,Kolkata Knight Riders
2016,Delhi Daredevils,Rising Pune Supergiants,Rising Pune Supergiants
2016,Sunrisers Hyderabad,Gujarat Lions,Sunrisers Hyderabad
2016,Royal Challengers Bangalore,Rising Pune Supergiants,Royal Challengers Bangalore
2016,Kings XI Punjab,Delhi Daredevils,Kings XI Punjab
2016,Mumbai Indians,Sunrisers Hyderabad,Sunrisers Hyderabad
2016,Kolkata Knight Riders,Gujarat Lions,Gujarat Lions
2016,Kings XI Punjab,Royal Challengers Bangalore,Royal Challengers Bangalore
2016,Rising Pune Supergiants,Sunrisers Hyderabad,Sunrisers Hyderabad
2016,Royal Challengers Bangalore,Mumbai Indians,Mumbai Indians
2016,Sunrisers Hyderabad,Delhi Daredevils,Delhi Daredevils
2016,Mumbai Indians,Kings XI Punjab,Kings XI Punjab
2016,Royal Challengers Bangalore,Gujarat Lions,Royal Challengers Bangalore
2016,Kolkata Knight Riders,Rising Pune Supergiants,Kolkata Knight Riders
2016,Kings XI Punjab,Sunrisers Hyderabad,Sunrisers Hyderabad
2016,Mumbai Indians,Delhi Daredevils,Mumbai Indians
2016,Kolkata Knight Riders,Royal Challengers Bangalore,Royal Challengers Bangalore
2016,Rising Pune Supergiants,Delhi Daredevils,Rising Pune Supergiants
2016,Royal Challengers Bangalore,Kings XI Punjab,Royal Challengers Bangalore
2016,Gujarat Lions,Kolkata Knight Riders,Gujarat Lions
2016,Delhi Daredevils,Sunrisers Hyderabad,Delhi Daredevils
2016,Rising Pune Supergiants,Kings XI Punjab,Rising Pune Supergiants
2016,Gujarat Lions,Mumbai Indians,Gujarat Lions
2016,Kolkata Knight Riders,Sunrisers Hyderabad,Kolkata Knight Riders
2016,Delhi Daredevils,Royal Challengers Bangalore,Royal Challengers Bangalore
2016,Gujarat Lions,Royal Challengers Bangalore,Royal Challengers Bangalore
2016,Sunrisers Hyderabad,Kolkata Knight Riders,Sunrisers Hyderabad
2016,Gujarat Lions,Sunrisers Hyderabad,Sunrisers Hyderabad
2017,Royal Challengers Bangalore,Sunrisers Hyderabad,Sunrisers Hyderabad
2017,Sunrisers Hyderabad,Royal Challengers Bangalore,Sunrisers Hyderabad
2017,Rising Pune Supergiant,Mumbai Indians,Rising Pune Supergiant
2017,Gujarat Lions,Kolkata Knight Riders,Kolkata Knight Riders
2017,Kings XI Punjab,Rising Pune Supergiant,Kings XI Punjab
2017,Royal Challengers Bangalore,Delhi Daredevils,Royal Challengers Bangalore
2017,Sunrisers Hyderabad,Gujarat Lions,Sunrisers Hyderabad
2017,Mumbai Indians,Kolkata Knight Riders,Mumbai Indians
2017,Kings XI Punjab,Royal Challengers Bangalore,Kings XI Punjab
2017,Rising Pune Supergiant,Delhi Daredevils,Delhi Daredevils
2017,Mumbai Indians,Sunrisers Hyderabad,Mumbai Indians
2017,Kolkata Knight Riders,Kings XI Punjab,Kolkata Knight Riders
2017,Royal Challengers Bangalore,Mumbai Indians,Mumbai Indians
2017,Gujarat Lions,Rising Pune Supergiant,Gujarat Lions
2017,Kolkata Knight Riders,Sunrisers Hyderabad,Kolkata Knight Riders
2017,Delhi Daredevils,Kings XI Punjab,Delhi Daredevils
2017,Mumbai Indians,Gujarat Lions,Mumbai Indians
2017,Royal Challengers Bangalore,Rising Pune Supergiant,Rising Pune Supergiant
2017,Delhi Daredevils,Kolkata Knight Riders,Kolkata Knight Riders
2017,Sunrisers Hyderabad,Kings XI Punjab,Sunrisers Hyderabad
2017,Gujarat Lions,Royal Challengers Bangalore,Royal Challengers Bangalore
2017,Sunrisers Hyderabad,Delhi Daredevils,Sunrisers Hyderabad
2017,Kings XI Punjab,Mumbai Indians,Mumbai Indians
2017,Kolkata Knight Riders,Gujarat Lions,Gujarat Lions
2017,Mumbai Indians,Delhi Daredevils,Mumbai Indians
2017,Rising Pune Supergiant,Sunrisers Hyderabad,Rising Pune Supergiant
2017,Gujarat Lions,Kings XI Punjab,Kings XI Punjab
2017,Kolkata Knight Riders,Royal Challengers Bangalore,Kolkata Knight Riders
2017,Mumbai Indians,Rising Pune Supergiant,Rising Pune Supergiant
2017,Rising Pune Supergiant,Kolkata Knight Riders,Kolkata Knight Riders
2017,Royal Challengers Bangalore,Gujarat Lions,Gujarat Lions
2017,Kolkata Knight Riders,Delhi Daredevils,Kolkata Knight Riders
2017,Kings XI Punjab,Sunrisers Hyderabad,Sunrisers Hyderabad
2017,Rising Pune Supergiant,Royal Challengers Bangalore,Rising Pune Supergiant
2017,Gujarat Lions,Mumbai Indians,Mumbai Indians
2017,Kings XI Punjab,Delhi Daredevils,Kings XI Punjab
2017,Sunrisers Hyderabad,Kolkata Knight Riders,Sunrisers Hyderabad
2017,Mumbai Indians,Royal Challengers Bangalore,Mumbai Indians
2017,Rising Pune Supergiant,Gujarat Lions,Rising Pune Supergiant
2017,Delhi Daredevils,Sunrisers Hyderabad,Delhi Daredevils
2017,Kolkata Knight Riders,Rising Pune Supergiant,Rising Pune Supergiant
2017,Delhi Daredevils,Gujarat Lions,Delhi Daredevils
2017,Royal Challengers Bangalore,Kings XI Punjab,Kings XI Punjab
2017,Sunrisers Hyderabad,Rising Pune Supergiant,Rising Pune Supergiant
2017,Delhi Daredevils,Mumbai Indians,Mumbai Indians
2017,Royal Challengers Bangalore,Kolkata Knight Riders,Kolkata Knight Riders
2017,Kings XI Punjab,Gujarat Lions,Gujarat Lions
2017,Sunrisers Hyderabad,Mumbai Indians,Sunrisers Hyderabad
2017,Kings XI Punjab,Kolkata Knight Riders,Kings XI Punjab
2017,Gujarat Lions,Delhi Daredevils,Delhi Daredevils
2017,Mumbai Indians,Kings XI Punjab,Kings XI Punjab
2017,Delhi Daredevils,Rising Pune Supergiant,Delhi Daredevils
2017,Gujarat Lions,Sunrisers Hyderabad,Sunrisers Hyderabad
2017,Kolkata Knight Riders,Mumbai Indians,Mumbai Indians
2017,Rising Pune Supergiant,Kings XI Punjab,Rising Pune Supergiant
2017,Delhi Daredevils,Royal Challengers Bangalore,Royal Challengers Bangalore
2017,Mumbai Indians,Rising Pune Supergiant,Rising Pune Supergiant
2017,Sunrisers Hyderabad,Kolkata Knight Riders,Kolkata Knight Riders
2017,Mumbai Indians,Kolkata Knight Riders,Mumbai Indians
2018,Mumbai Indians,Rising Pune Supergiant,Mumbai Indians
2018,Mumbai Indians,Chennai Super Kings,Chennai Super Kings
2018,Delhi Daredevils,Kings XI Punjab,Kings XI Punjab
2018,Royal Challengers Bangalore,Kolkata Knight Riders,Kolkata Knight Riders
2018,Rajasthan Royals,Sunrisers Hyderabad,Sunrisers Hyderabad
2018,Kolkata Knight Riders,Chennai Super Kings,Chennai Super Kings
2018,Rajasthan Royals,Delhi Daredevils,Rajasthan Royals
2018,Mumbai Indians,Sunrisers Hyderabad,Sunrisers Hyderabad
2018,Kings XI Punjab,Royal Challengers Bangalore,Royal Challengers Bangalore
2018,Mumbai Indians,Delhi Daredevils,Delhi Daredevils
2018,Kolkata Knight Riders,Sunrisers Hyderabad,Sunrisers Hyderabad
2018,Rajasthan Royals,Royal Challengers Bangalore,Rajasthan Royals
2018,Kings XI Punjab,Chennai Super Kings,Kings XI Punjab
2018,Kolkata Knight Riders,Delhi Daredevils,Kolkata Knight Riders
2018,Mumbai Indians,Royal Challengers Bangalore,Mumbai Indians
2018,Rajasthan Royals,Kolkata Knight Riders,Kolkata Knight Riders
2018,Kings XI Punjab,Sunrisers Hyderabad,Kings XI Punjab
2018,Chennai Super Kings,Rajasthan Royals,Chennai Super Kings
2018,Kolkata Knight Riders,Kings XI Punjab,Kings XI Punjab
2018,Delhi Daredevils,Royal Challengers Bangalore,Royal Challengers Bangalore
2018,Chennai Super Kings,Sunrisers Hyderabad,Chennai Super Kings
2018,Mumbai Indians,Rajasthan Royals,Rajasthan Royals
2018,Kings XI Punjab,Delhi Daredevils,Kings XI Punjab
2018,Sunrisers Hyderabad,Mumbai Indians,Sunrisers Hyderabad
2018,Royal Challengers Bangalore,Chennai Super Kings,Chennai Super Kings
2018,Sunrisers Hyderabad,Kings XI Punjab,Sunrisers Hyderabad
2018,Delhi Daredevils,Kolkata Knight Riders,Delhi Daredevils
2018,Chennai Super Kings,Mumbai Indians,Mumbai Indians
2018,Sunrisers Hyderabad,Rajasthan Royals,Sunrisers Hyderabad
2018,Royal Challengers Bangalore,Kolkata Knight Riders,Kolkata Knight Riders
2018,Chennai Super Kings,Delhi Daredevils,Chennai Super Kings
2018,Royal Challengers Bangalore,Mumbai Indians,Royal Challengers Bangalore
2018,Delhi Daredevils,Rajasthan Royals,Delhi Daredevils
2018,Chennai Super Kings,Kolkata Knight Riders,Kolkata Knight Riders
2018,Kings XI Punjab,Mumbai Indians,Mumbai Indians
2018,Royal Challengers Bangalore,Chennai Super Kings,Chennai Super Kings
2018,Delhi Daredevils,Sunrisers Hyderabad,Sunrisers Hyderabad
2018,Mumbai Indians,Kolkata Knight Riders,Mumbai Indians
2018,Rajasthan Royals,Kings XI Punjab,Kings XI Punjab
2018,Sunrisers Hyderabad,Royal Challengers Bangalore,Sunrisers Hyderabad
2018,Rajasthan Royals,Kings XI Punjab,Rajasthan Royals
2018,Mumbai Indians,Kolkata Knight Riders,Mumbai Indians
2018,Delhi Daredevils,Sunrisers Hyderabad,Sunrisers Hyderabad
2018,Chennai Super Kings,Rajasthan Royals,Rajasthan Royals
2018,Kolkata Knight Riders,Kings XI Punjab,Kolkata Knight Riders
2018,Delhi Daredevils,Royal Challengers Bangalore,Royal Challengers Bangalore
2018,Sunrisers Hyderabad,Chennai Super Kings,Chennai Super Kings
2018,Mumbai Indians,Rajasthan Royals,Rajasthan Royals
2018,Kings XI Punjab,Royal Challengers Bangalore,Royal Challengers Bangalore
2018,Rajasthan Royals,Kolkata Knight Riders,Kolkata Knight Riders
2018,Mumbai Indians,Kings XI Punjab,Mumbai Indians
2018,Royal Challengers Bangalore,Sunrisers Hyderabad,Royal Challengers Bangalore
2018,Delhi Daredevils,Chennai Super Kings,Delhi Daredevils
2018,Rajasthan Royals,Royal Challengers Bangalore,Rajasthan Royals
2018,Sunrisers Hyderabad,Kolkata Knight Riders,Kolkata Knight Riders
2018,Delhi Daredevils,Mumbai Indians,Delhi Daredevils
2018,Kings XI Punjab,Chennai Super Kings,Chennai Super Kings
2018,Sunrisers Hyderabad,Chennai Super Kings,Chennai Super Kings
2018,Kolkata Knight Riders,Rajasthan Royals,Kolkata Knight Riders
2018,Sunrisers Hyderabad,Kolkata Knight Riders,Sunrisers Hyderabad
2019,Sunrisers Hyderabad,Chennai Super Kings,Chennai Super Kings
2019,Royal Challengers Bangalore,Chennai Super Kings,Chennai Super Kings
2019,Sunrisers Hyderabad,Kolkata Knight Riders,Kolkata Knight Riders
2019,Delhi Capitals,Mumbai Indians,Delhi Capitals
2019,Kings XI Punjab,Rajasthan Royals,Kings XI Punjab
2019,Delhi Capitals,Chennai Super Kings,Chennai Super Kings
2019,Kolkata Knight Riders,Kings XI Punjab,Kolkata Knight Riders
2019,Mumbai Indians,Royal Challengers Bangalore,Mumbai Indians
2019,Rajasthan Royals,Sunrisers Hyderabad,Sunrisers Hyderabad
2019,Mumbai Indians,Kings XI Punjab,Kings XI Punjab
2019,Kolkata Knight Riders,Delhi Capitals,Delhi Capitals
2019,Sunrisers Hyderabad,Royal Challengers Bangalore,Sunrisers Hyderabad
2019,Chennai Super Kings,Rajasthan Royals,Chennai Super Kings
2019,Kings XI Punjab,Delhi Capitals,Kings XI Punjab
2019,Royal Challengers Bangalore,Rajasthan Royals,Rajasthan Royals
2019,Mumbai Indians,Chennai Super Kings,Mumbai Indians
2019,Delhi Capitals,Sunrisers Hyderabad,Sunrisers Hyderabad
2019,Royal Challengers Bangalore,Kolkata Knight Riders,Kolkata Knight Riders
2019,Chennai Super Kings,Kings XI Punjab,Chennai Super Kings
2019,Mumbai Indians,Sunrisers Hyderabad,Mumbai Indians
2019,Royal Challengers Bangalore,Delhi Capitals,Delhi Capitals
2019,Rajasthan Royals,Kolkata Knight Riders,Kolkata Knight Riders
2019,Sunrisers Hyderabad,Kings XI Punjab,Kings XI Punjab
2019,Kolkata Knight Riders,Chennai Super Kings,Chennai Super Kings
2019,Kings XI Punjab,Mumbai Indians,Mumbai Indians
2019,Rajasthan Royals,Chennai Super Kings,Chennai Super Kings
2019,Kolkata Knight Riders,Delhi Capitals,Delhi Capitals
2019,Mumbai Indians,Rajasthan Royals,Rajasthan Royals
2019,Kings XI Punjab,Royal Challengers Bangalore,Royal Challengers Bangalore
2019,Kolkata Knight Riders,Chennai Super Kings,Chennai Super Kings
2019,Delhi Capitals,Sunrisers Hyderabad,Delhi Capitals
2019,Royal Challengers Bangalore,Mumbai Indians,Mumbai Indians
2019,Kings XI Punjab,Rajasthan Royals,Kings XI Punjab
2019,Chennai Super Kings,Sunrisers Hyderabad,Sunrisers Hyderabad
2019,Mumbai Indians,Delhi Capitals,Mumbai Indians
2019,Royal Challengers Bangalore,Kolkata Knight Riders,Royal Challengers Bangalore
2019,Mumbai Indians,Rajasthan Royals,Rajasthan Royals
2019,Kings XI Punjab,Delhi Capitals,Delhi Capitals
2019,Kolkata Knight Riders,Sunrisers Hyderabad,Sunrisers Hyderabad
2019,Royal Challengers Bangalore,Chennai Super Kings,Royal Challengers Bangalore
2019,Rajasthan Royals,Delhi Capitals,Delhi Capitals
2019,Sunrisers Hyderabad,Chennai Super Kings,Chennai Super Kings
2019,Royal Challengers Bangalore,Kings XI Punjab,Royal Challengers Bangalore
2019,Kolkata Knight Riders,Rajasthan Royals,Rajasthan Royals
2019,Mumbai Indians,Chennai Super Kings,Mumbai Indians
2019,Sunrisers Hyderabad,Rajasthan Royals,Rajasthan Royals
2019,Delhi Capitals,Royal Challengers Bangalore,Delhi Capitals
2019,Kolkata Knight Riders,Mumbai Indians,Kolkata Knight Riders
2019,Sunrisers Hyderabad,Kings XI Punjab,Sunrisers Hyderabad
2019,Royal Challengers Bangalore,Rajasthan Royals,NA
2019,Chennai Super Kings,Delhi Capitals,Chennai Super Kings
2019,Mumbai Indians,Sunrisers Hyderabad,Mumbai Indians
2019,Kings XI Punjab,Kolkata Knight Riders,Kolkata Knight Riders
2019,Rajasthan Royals,Delhi Capitals,Delhi Capitals
2019,Sunrisers Hyderabad,Royal Challengers Bangalore,Royal Challengers Bangalore
2019,Chennai Super Kings,Kings XI Punjab,Kings XI Punjab
2019,Kolkata Knight Riders,Mumbai Indians,Mumbai Indians
2019,Chennai Super Kings,Mumbai Indians,Mumbai Indians
2019,Sunrisers Hyderabad,Delhi Capitals,Delhi Capitals
2019,Delhi Capitals,Chennai Super Kings,Chennai Super Kings
2020/21,Mumbai Indians,Chennai Super Kings,Mumbai Indians
2020/21,Mumbai Indians,Chennai Super Kings,Chennai Super Kings
2020/21,Delhi Capitals,Kings XI Punjab,Delhi Capitals
2020/21,Royal Challengers Bangalore,Sunrisers Hyderabad,Royal Challengers Bangalore
2020/21,Rajasthan Royals,Chennai Super Kings,Rajasthan Royals
2020/21,Mumbai Indians,Kolkata Knight Riders,Mumbai Indians
2020/21,Kings XI Punjab,Royal Challengers Bangalore,Kings XI Punjab
2020/21,Delhi Capitals,Chennai Super Kings,Delhi Capitals
2020/21,Sunrisers Hyderabad,Kolkata Knight Riders,Kolkata Knight Riders
2020/21,Kings XI Punjab,Rajasthan Royals,Rajasthan Royals
2020/21,Royal Challengers Bangalore,Mumbai Indians,Royal Challengers Bangalore
2020/21,Sunrisers Hyderabad,Delhi Capitals,Sunrisers Hyderabad
2020/21,Kolkata Knight Riders,Rajasthan Royals,Kolkata Knight Riders
2020/21,Mumbai Indians,Kings XI Punjab,Mumbai Indians
2020/21,Sunrisers Hyderabad,Chennai Super Kings,Sunrisers Hyderabad
2020/21,Rajasthan Royals,Royal Challengers Bangalore,Royal Challengers Bangalore
2020/21,Delhi Capitals,Kolkata Knight Riders,Delhi Capitals
2020/21,Kings XI Punjab,Chennai Super Kings,Chennai Super Kings
2020/21,Mumbai Indians,Sunrisers Hyderabad,Mumbai Indians
2020/21,Delhi Capitals,Royal Challengers Bangalore,Delhi Capitals
2020/21,Mumbai Indians,Rajasthan Royals,Mumbai Indians
2020/21,Kolkata Knight Riders,Chennai Super Kings,Kolkata Knight Riders
2020/21,Sunrisers Hyderabad,Kings XI Punjab,Sunrisers Hyderabad
2020/21,Delhi Capitals,Rajasthan Royals,Delhi Capitals
2020/21,Kolkata Knight Riders,Kings XI Punjab,Kolkata Knight Riders
2020/21,Royal Challengers Bangalore,Chennai Super Kings,Royal Challengers Bangalore
2020/21,Sunrisers Hyderabad,Rajasthan Royals,Rajasthan Royals
2020/21,Delhi Capitals,Mumbai Indians,Mumbai Indians
2020/21,Royal Challengers Bangalore,Kolkata Knight Riders,Royal Challengers Bangalore
2020/21,Chennai Super Kings,Sunrisers Hyderabad,Chennai Super Kings
2020/21,Delhi Capitals,Rajasthan Royals,Delhi Capitals
2020/21,Royal Challengers Bangalore,Kings XI Punjab,Kings XI Punjab
2020/21,Kolkata Knight Riders,Mumbai Indians,Mumbai Indians
2020/21,Chennai Super Kings,Delhi Capitals,Delhi Capitals
2020/21,Rajasthan Royals,Royal Challengers Bangalore,Royal Challengers Bangalore
2020/21,Kolkata Knight Riders,Sunrisers Hyderabad,Kolkata Knight Riders
2020/21,Mumbai Indians,Kings XI Punjab,Kings XI Punjab
2020/21,Chennai Super Kings,Rajasthan Royals,Rajasthan Royals
2020/21,Delhi Capitals,Kings XI Punjab,Kings XI Punjab
2020/21,Kolkata Knight Riders,Royal Challengers Bangalore,Royal Challengers Bangalore
2020/21,Rajasthan Royals,Sunrisers Hyderabad,Sunrisers Hyderabad
2020/21,Chennai Super Kings,Mumbai Indians,Mumbai Indians
2020/21,Kolkata Knight Riders,Delhi Capitals,Kolkata Knight Riders
2020/21,Kings XI Punjab,Sunrisers Hyderabad,Kings XI Punjab
2020/21,Mumbai Indians,Rajasthan Royals,Rajasthan Royals
2020/21,Royal Challengers Bangalore,Chennai Super Kings,Chennai Super Kings
2020/21,Kolkata Knight Riders,Kings XI Punjab,Kings XI Punjab
2020/21,Sunrisers Hyderabad,Delhi Capitals,Sunrisers Hyderabad
2020/21,Royal Challengers Bangalore,Mumbai Indians,Mumbai Indians
2020/21,Kolkata Knight Riders,Chennai Super Kings,Chennai Super Kings
2020/21,Kings XI Punjab,Rajasthan Royals,Rajasthan Royals
2020/21,Royal Challengers Bangalore,Sunrisers Hyderabad,Sunrisers Hyderabad
2020/21,Delhi Capitals,Mumbai Indians,Mumbai Indians
2020/21,Kings XI Punjab,Chennai Super Kings,Chennai Super Kings
2020/21,Kolkata Knight Riders,Rajasthan Royals,Kolkata Knight Riders
2020/21,Royal Challengers Bangalore,Delhi Capitals,Delhi Capitals
2020/21,Mumbai Indians,Sunrisers Hyderabad,Sunrisers Hyderabad
2020/21,Mumbai Indians,Delhi Capitals,Mumbai Indians
2020/21,Royal Challengers Bangalore,Sunrisers Hyderabad,Sunrisers Hyderabad
2020/21,Delhi Capitals,Sunrisers Hyderabad,Delhi Capitals
2021,Delhi Capitals,Mumbai Indians,Mumbai Indians
2021,Mumbai Indians,Royal Challengers Bangalore,Royal Challengers Bangalore
2021,Chennai Super Kings,Delhi Capitals,Delhi Capitals
2021,Kolkata Knight Riders,Sunrisers Hyderabad,Kolkata Knight Riders
2021,Punjab Kings,Rajasthan Royals,Punjab Kings
2021,Mumbai Indians,Kolkata Knight Riders,Mumbai Indians
2021,Royal Challengers Bangalore,Sunrisers Hyderabad,Royal Challengers Bangalore
2021,Delhi Capitals,Rajasthan Royals,Rajasthan Royals
2021,Punjab Kings,Chennai Super Kings,Chennai Super Kings
2021,Mumbai Indians,Sunrisers Hyderabad,Mumbai Indians
2021,Royal Challengers Bangalore,Kolkata Knight Riders,Royal Challengers Bangalore
2021,Punjab Kings,Delhi Capitals,Delhi Capitals
2021,Chennai Super Kings,Rajasthan Royals,Chennai Super Kings
2021,Mumbai Indians,Delhi Capitals,Delhi Capitals
2021,Punjab Kings,Sunrisers Hyderabad,Sunrisers Hyderabad
2021,Chennai Super Kings,Kolkata Knight Riders,Chennai Super Kings
2021,Rajasthan Royals,Royal Challengers Bangalore,Royal Challengers Bangalore
2021,Mumbai Indians,Punjab Kings,Punjab Kings
2021,Kolkata Knight Riders,Rajasthan Royals,Rajasthan Royals
2021,Chennai Super Kings,Royal Challengers Bangalore,Chennai Super Kings
2021,Delhi Capitals,Sunrisers Hyderabad,Delhi Capitals
2021,Punjab Kings,Kolkata Knight Riders,Kolkata Knight Riders
2021,Royal Challengers Bangalore,Delhi Capitals,Royal Challengers Bangalore
2021,Sunrisers Hyderabad,Chennai Super Kings,Chennai Super Kings
2021,Rajasthan Royals,Mumbai Indians,Mumbai Indians
2021,Kolkata Knight Riders,Delhi Capitals,Delhi Capitals
2021,Punjab Kings,Royal Challengers Bangalore,Punjab Kings
2021,Chennai Super Kings,Mumbai Indians,Mumbai Indians
2021,Rajasthan Royals,Sunrisers Hyderabad,Rajasthan Royals
2021,Punjab Kings,Delhi Capitals,Delhi Capitals
2021,Chennai Super Kings,Mumbai Indians,Chennai Super Kings
2021,Royal Challengers Bangalore,Kolkata Knight Riders,Kolkata Knight Riders
2021,Rajasthan Royals,Punjab Kings,Rajasthan Royals
2021,Sunrisers Hyderabad,Delhi Capitals,Delhi Capitals
2021,Mumbai Indians,Kolkata Knight Riders,Kolkata Knight Riders
2021,Royal Challengers Bangalore,Chennai Super Kings,Chennai Super Kings
2021,Delhi Capitals,Rajasthan Royals,Delhi Capitals
2021,Punjab Kings,Sunrisers Hyderabad,Punjab Kings
2021,Kolkata Knight Riders,Chennai Super Kings,Chennai Super Kings
2021,Royal Challengers Bangalore,Mumbai Indians,Royal Challengers Bangalore
2021,Rajasthan Royals,Sunrisers Hyderabad,Sunrisers Hyderabad
2021,Delhi Capitals,Kolkata Knight Riders,Kolkata Knight Riders
2021,Punjab Kings,Mumbai Indians,Mumbai Indians
2021,Rajasthan Royals,Royal Challengers Bangalore,Royal Challengers Bangalore
2021,Sunrisers Hyderabad,Chennai Super Kings,Chennai Super Kings
2021,Kolkata Knight Riders,Punjab Kings,Punjab Kings
2021,Chennai Super Kings,Rajasthan Royals,Rajasthan Royals
2021,Mumbai Indians,Delhi Capitals,Delhi Capitals
2021,Royal Challengers Bangalore,Punjab Kings,Royal Challengers Bangalore
2021,Sunrisers Hyderabad,Kolkata Knight Riders,Kolkata Knight Riders
2021,Chennai Super Kings,Delhi Capitals,Delhi Capitals
2021,Rajasthan Royals,Mumbai Indians,Mumbai Indians
2021,Sunrisers Hyderabad,Royal Challengers Bangalore,Sunrisers Hyderabad
2021,Chennai Super Kings,Punjab Kings,Punjab Kings
2021,Kolkata Knight Riders,Rajasthan Royals,Kolkata Knight Riders
2021,Mumbai Indians,Sunrisers Hyderabad,Mumbai Indians
2021,Delhi Capitals,Royal Challengers Bangalore,Royal Challengers Bangalore
2021,Delhi Capitals,Chennai Super Kings,Chennai Super Kings
2021,Royal Challengers Bangalore,Kolkata Knight Riders,Kolkata Knight Riders
2021,Delhi Capitals,Kolkata Knight Riders,Kolkata Knight Riders
2022,Chennai Super Kings,Kolkata Knight Riders,Chennai Super Kings
2022,Chennai Super Kings,Kolkata Knight Riders,Kolkata Knight Riders
2022,Mumbai Indians,Delhi Capitals,Delhi Capitals
2022,Royal Challengers Bangalore,Punjab Kings,Punjab Kings
2022,Lucknow Super Giants,Gujarat Titans,Gujarat Titans
2022,Rajasthan Royals,Sunrisers Hyderabad,Rajasthan Royals
2022,Kolkata Knight Riders,Royal Challengers Bangalore,Royal Challengers Bangalore
2022,Chennai Super Kings,Lucknow Super Giants,Lucknow Super Giants
2022,Punjab Kings,Kolkata Knight Riders,Kolkata Knight Riders
2022,Rajasthan Royals,Mumbai Indians,Rajasthan Royals
2022,Gujarat Titans,Delhi Capitals,Gujarat Titans
2022,Punjab Kings,Chennai Super Kings,Punjab Kings
2022,Lucknow Super Giants,Sunrisers Hyderabad,Lucknow Super Giants
2022,Rajasthan Royals,Royal Challengers Bangalore,Royal Challengers Bangalore
2022,Mumbai Indians,Kolkata Knight Riders,Kolkata Knight Riders
2022,Delhi Capitals,Lucknow Super Giants,Lucknow Super Giants
2022,Punjab Kings,Gujarat Titans,Gujarat Titans
2022,Chennai Super Kings,Sunrisers Hyderabad,Sunrisers Hyderabad
2022,Mumbai Indians,Royal Challengers Bangalore,Royal Challengers Bangalore
2022,Delhi Capitals,Kolkata Knight Riders,Delhi Capitals
2022,Rajasthan Royals,Lucknow Super Giants,Rajasthan Royals
2022,Gujarat Titans,Sunrisers Hyderabad,Sunrisers Hyderabad
2022,Chennai Super Kings,Royal Challengers Bangalore,Chennai Super Kings
2022,Punjab Kings,Mumbai Indians,Punjab Kings
2022,Gujarat Titans,Rajasthan Royals,Gujarat Titans
2022,Kolkata Knight Riders,Sunrisers Hyderabad,Sunrisers Hyderabad
2022,Lucknow Super Giants,Mumbai Indians,Lucknow Super Giants
2022,Royal Challengers Bangalore,Delhi Capitals,Royal Challengers Bangalore
2022,Punjab Kings,Sunrisers Hyderabad,Sunrisers Hyderabad
2022,Chennai Super Kings,Gujarat Titans,Gujarat Titans
2022,Rajasthan Royals,Kolkata Knight Riders,Rajasthan Royals
2022,Royal Challengers Bangalore,Lucknow Super Giants,Royal Challengers Bangalore
2022,Punjab Kings,Delhi Capitals,Delhi Capitals
2022,Mumbai Indians,Chennai Super Kings,Chennai Super Kings
2022,Rajasthan Royals,Delhi Capitals,Rajasthan Royals
2022,Gujarat Titans,Kolkata Knight Riders,Gujarat Titans
2022,Royal Challengers Bangalore,Sunrisers Hyderabad,Sunrisers Hyderabad
2022,Lucknow Super Giants,Mumbai Indians,Lucknow Super Giants
2022,Punjab Kings,Chennai Super Kings,Punjab Kings
2022,Rajasthan Royals,Royal Challengers Bangalore,Rajasthan Royals
2022,Sunrisers Hyderabad,Gujarat Titans,Gujarat Titans
2022,Kolkata Knight Riders,Delhi Capitals,Delhi Capitals
2022,Lucknow Super Giants,Punjab Kings,Lucknow Super Giants
2022,Royal Challengers Bangalore,Gujarat Titans,Gujarat Titans
2022,Rajasthan Royals,Mumbai Indians,Mumbai Indians
2022,Lucknow Super Giants,Delhi Capitals,Lucknow Super Giants
2022,Chennai Super Kings,Sunrisers Hyderabad,Chennai Super Kings
2022,Rajasthan Royals,Kolkata Knight Riders,Kolkata Knight Riders
2022,Gujarat Titans,Punjab Kings,Punjab Kings
2022,Royal Challengers Bangalore,Chennai Super Kings,Royal Challengers Bangalore
2022,Delhi Capitals,Sunrisers Hyderabad,Delhi Capitals
2022,Mumbai Indians,Gujarat Titans,Mumbai Indians
2022,Punjab Kings,Rajasthan Royals,Rajasthan Royals
2022,Lucknow Super Giants,Kolkata Knight Riders,Lucknow Super Giants
2022,Royal Challengers Bangalore,Sunrisers Hyderabad,Royal Challengers Bangalore
2022,Chennai Super Kings,Delhi Capitals,Chennai Super Kings
2022,Kolkata Knight Riders,Mumbai Indians,Kolkata Knight Riders
2022,Gujarat Titans,Lucknow Super Giants,Gujarat Titans
2022,Rajasthan Royals,Delhi Capitals,Delhi Capitals
2022,Chennai Super Kings,Mumbai Indians,Mumbai Indians
2022,Punjab Kings,Royal Challengers Bangalore,Punjab Kings
2022,Kolkata Knight Riders,Sunrisers Hyderabad,Kolkata Knight Riders
2022,Chennai Super Kings,Gujarat Titans,Gujarat Titans
2022,Rajasthan Royals,Lucknow Super Giants,Rajasthan Royals
2022,Delhi Capitals,Punjab Kings,Delhi Capitals
2022,Sunrisers Hyderabad,Mumbai Indians,Sunrisers Hyderabad
2022,Lucknow Super Giants,Kolkata Knight Riders,Lucknow Super Giants
2022,Gujarat Titans,Royal Challengers Bangalore,Royal Challengers Bangalore
2022,Chennai Super Kings,Rajasthan Royals,Rajasthan Royals
2022,Delhi Capitals,Mumbai Indians,Mumbai Indians
2022,Sunrisers Hyderabad,Punjab Kings,Punjab Kings
2022,Rajasthan Royals,Gujarat Titans,Gujarat Titans
2022,Royal Challengers Bangalore,Lucknow Super Giants,Royal Challengers Bangalore
2022,Royal Challengers Bangalore,Rajasthan Royals,Rajasthan Royals
2023,Rajasthan Royals,Gujarat Titans,Gujarat Titans
2023,Chennai Super Kings,Gujarat Titans,Gujarat Titans
2023,Punjab Kings,Kolkata Knight Riders,Punjab Kings
2023,Lucknow Super Giants,Delhi Capitals,Lucknow Super Giants
2023,Rajasthan Royals,Sunrisers Hyderabad,Rajasthan Royals
2023,Mumbai Indians,Royal Challengers Bangalore,Royal Challengers Bangalore
2023,Chennai Super Kings,Lucknow Super Giants,Chennai Super Kings
2023,Delhi Capitals,Gujarat Titans,Gujarat Titans
2023,Punjab Kings,Rajasthan Royals,Punjab Kings
2023,Kolkata Knight Riders,Royal Challengers Bangalore,Kolkata Knight Riders
2023,Sunrisers Hyderabad,Lucknow Super Giants,Lucknow Super Giants
2023,Rajasthan Royals,Delhi Capitals,Rajasthan Royals
2023,Mumbai Indians,Chennai Super Kings,Chennai Super Kings
2023,Gujarat Titans,Kolkata Knight Riders,Kolkata Knight Riders
2023,Punjab Kings,Sunrisers Hyderabad,Sunrisers Hyderabad
2023,Royal Challengers Bangalore,Lucknow Super Giants,Lucknow Super Giants
2023,Delhi Capitals,Mumbai Indians,Mumbai Indians
2023,Rajasthan Royals,Chennai Super Kings,Rajasthan Royals
2023,Punjab Kings,Gujarat Titans,Gujarat Titans
2023,Sunrisers Hyderabad,Kolkata Knight Riders,Sunrisers Hyderabad
2023,Royal Challengers Bangalore,Delhi Capitals,Royal Challengers Bangalore
2023,Lucknow Super Giants,Punjab Kings,Punjab Kings
2023,Kolkata Knight Riders,Mumbai Indians,Mumbai Indians
2023,Gujarat Titans,Rajasthan Royals,Rajasthan Royals
2023,Chennai Super Kings,Royal Challengers Bangalore,Chennai Super Kings
2023,Mumbai Indians,Sunrisers Hyderabad,Mumbai Indians
2023,Lucknow Super Giants,Rajasthan Royals,Lucknow Super Giants
2023,Royal Challengers Bangalore,Punjab Kings,Royal Challengers Bangalore
2023,Kolkata Knight Riders,Delhi Capitals,Delhi Capitals
2023,Sunrisers Hyderabad,Chennai Super Kings,Chennai Super Kings
2023,Gujarat Titans,Lucknow Super Giants,Gujarat Titans
2023,Punjab Kings,Mumbai Indians,Punjab Kings
2023,Royal Challengers Bangalore,Rajasthan Royals,Royal Challengers Bangalore
2023,Chennai Super Kings,Kolkata Knight Riders,Chennai Super Kings
2023,Delhi Capitals,Sunrisers Hyderabad,Delhi Capitals
2023,Gujarat Titans,Mumbai Indians,Gujarat Titans
2023,Kolkata Knight Riders,Royal Challengers Bangalore,Kolkata Knight Riders
2023,Rajasthan Royals,Chennai Super Kings,Rajasthan Royals
2023,Lucknow Super Giants,Punjab Kings,Lucknow Super Giants
2023,Kolkata Knight Riders,Gujarat Titans,Gujarat Titans
2023,Sunrisers Hyderabad,Delhi Capitals,Sunrisers Hyderabad
2023,Chennai Super Kings,Punjab Kings,Punjab Kings
2023,Rajasthan Royals,Mumbai Indians,Mumbai Indians
2023,Royal Challengers Bangalore,Lucknow Super Giants,Royal Challengers Bangalore
2023,Delhi Capitals,Gujarat Titans,Delhi Capitals
2023,Lucknow Super Giants,Chennai Super Kings,NA
2023,Punjab Kings,Mumbai Indians,Mumbai Indians
2023,Kolkata Knight Riders,Sunrisers Hyderabad,Kolkata Knight Riders
2023,Rajasthan Royals,Gujarat Titans,Gujarat Titans
2023,Mumbai Indians,Chennai Super Kings,Chennai Super Kings
2023,Royal Challengers Bangalore,Delhi Capitals,Delhi Capitals
2023,Gujarat Titans,Lucknow Super Giants,Gujarat Titans
2023,Rajasthan Royals,Sunrisers Hyderabad,Sunrisers Hyderabad
2023,Punjab Kings,Kolkata Knight Riders,Kolkata Knight Riders
2023,Royal Challengers Bangalore,Mumbai Indians,Mumbai Indians
2023,Chennai Super Kings,Delhi Capitals,Chennai Super Kings
2023,Kolkata Knight Riders,Rajasthan Royals,Rajasthan Royals
2023,Mumbai Indians,Gujarat Titans,Mumbai Indians
2023,Sunrisers Hyderabad,Lucknow Super Giants,Lucknow Super Giants
2023,Punjab Kings,Delhi Capitals,Punjab Kings
2023,Royal Challengers Bangalore,Rajasthan Royals,Royal Challengers Bangalore
2023,Chennai Super Kings,Kolkata Knight Riders,Kolkata Knight Riders
2023,Gujarat Titans,Sunrisers Hyderabad,Gujarat Titans
2023,Lucknow Super Giants,Mumbai Indians,Lucknow Super Giants
2023,Delhi Capitals,Punjab Kings,Delhi Capitals
2023,Sunrisers Hyderabad,Royal Challengers Bangalore,Royal Challengers Bangalore
2023,Punjab Kings,Rajasthan Royals,Rajasthan Royals
2023,Chennai Super Kings,Delhi Capitals,Chennai Super Kings
2023,Lucknow Super Giants,Kolkata Knight Riders,Lucknow Super Giants
2023,Sunrisers Hyderabad,Mumbai Indians,Mumbai Indians
2023,Royal Challengers Bangalore,Gujarat Titans,Gujarat Titans
2023,Chennai Super Kings,Gujarat Titans,Chennai Super Kings
2023,Mumbai Indians,Lucknow Super Giants,Mumbai Indians
2023,Gujarat Titans,Mumbai Indians,Gujarat Titans
2024,Gujarat Titans,Chennai Super Kings,Chennai Super Kings
2024,Royal Challengers Bengaluru,Chennai Super Kings,Chennai Super Kings
2024,Delhi Capitals,Punjab Kings,Punjab Kings
2024,Kolkata Knight Riders,Sunrisers Hyderabad,Kolkata Knight Riders
2024,Rajasthan Royals,Lucknow Super Giants,Rajasthan Royals
2024,Gujarat Titans,Mumbai Indians,Gujarat Titans
2024,Punjab Kings,Royal Challengers Bengaluru,Royal Challengers Bengaluru
2024,Chennai Super Kings,Gujarat Titans,Chennai Super Kings
2024,Sunrisers Hyderabad,Mumbai Indians,Sunrisers Hyderabad
2024,Rajasthan Royals,Delhi Capitals,Rajasthan Royals
2024,Royal Challengers Bengaluru,Kolkata Knight Riders,Kolkata Knight Riders
2024,Lucknow Super Giants,Punjab Kings,Lucknow Super Giants
2024,Sunrisers Hyderabad,Gujarat Titans,Gujarat Titans
2024,Delhi Capitals,Chennai Super Kings,Delhi Capitals
2024,Mumbai Indians,Rajasthan Royals,Rajasthan Royals
2024,Lucknow Super Giants,Royal Challengers Bengaluru,Lucknow Super Giants
2024,Kolkata Knight Riders,Delhi Capitals,Kolkata Knight Riders
2024,Gujarat Titans,Punjab Kings,Punjab Kings
2024,Chennai Super Kings,Sunrisers Hyderabad,Sunrisers Hyderabad
2024,Royal Challengers Bengaluru,Rajasthan Royals,Rajasthan Royals
2024,Mumbai Indians,Delhi Capitals,Mumbai Indians
2024,Lucknow Super Giants,Gujarat Titans,Lucknow Super Giants
2024,Kolkata Knight Riders,Chennai Super Kings,Chennai Super Kings
2024,Sunrisers Hyderabad,Punjab Kings,Sunrisers Hyderabad
2024,Rajasthan Royals,Gujarat Titans,Gujarat Titans
2024,Royal Challengers Bengaluru,Mumbai Indians,Mumbai Indians
2024,Lucknow Super Giants,Delhi Capitals,Delhi Capitals
2024,Punjab Kings,Rajasthan Royals,Rajasthan Royals
2024,Lucknow Super Giants,Kolkata Knight Riders,Kolkata Knight Riders
2024,Chennai Super Kings,Mumbai Indians,Chennai Super Kings
2024,Sunrisers Hyderabad,Royal Challengers Bengaluru,Sunrisers Hyderabad
2024,Kolkata Knight Riders,Rajasthan Royals,Rajasthan Royals
2024,Gujarat Titans,Delhi Capitals,Delhi Capitals
2024,Mumbai Indians,Punjab Kings,Mumbai Indians
2024,Chennai Super Kings,Lucknow Super Giants,Lucknow Super Giants
2024,Sunrisers Hyderabad,Delhi Capitals,Sunrisers Hyderabad
2024,Kolkata Knight Riders,Royal Challengers Bengaluru,Kolkata Knight Riders
2024,Punjab Kings,Gujarat Titans,Gujarat Titans
2024,Mumbai Indians,Rajasthan Royals,Rajasthan Royals
2024,Chennai Super Kings,Lucknow Super Giants,Lucknow Super Giants
2024,Delhi Capitals,Gujarat Titans,Delhi Capitals
2024,Royal Challengers Bengaluru,Sunrisers Hyderabad,Royal Challengers Bengaluru
2024,Kolkata Knight Riders,Punjab Kings,Punjab Kings
2024,Delhi Capitals,Mumbai Indians,Delhi Capitals
2024,Lucknow Super Giants,Rajasthan Royals,Rajasthan Royals
2024,Gujarat Titans,Royal Challengers Bengaluru,Royal Challengers Bengaluru
2024,Chennai Super Kings,Sunrisers Hyderabad,Chennai Super Kings
2024,Delhi Capitals,Kolkata Knight Riders,Kolkata Knight Riders
2024,Mumbai Indians,Lucknow Super Giants,Lucknow Super Giants
2024,Chennai Super Kings,Punjab Kings,Punjab Kings
2024,Sunrisers Hyderabad,Rajasthan Royals,Sunrisers Hyderabad
2024,Kolkata Knight Riders,Mumbai Indians,Kolkata Knight Riders
2024,Gujarat Titans,Royal Challengers Bengaluru,Royal Challengers Bengaluru
2024,Chennai Super Kings,Punjab Kings,Chennai Super Kings
2024,Kolkata Knight Riders,Lucknow Super Giants,Kolkata Knight Riders
2024,Sunrisers Hyderabad,Mumbai Indians,Mumbai Indians
2024,Delhi Capitals,Rajasthan Royals,Delhi Capitals
2024,Lucknow Super Giants,Sunrisers Hyderabad,Sunrisers Hyderabad
2024,Royal Challengers Bengaluru,Punjab Kings,Royal Challengers Bengaluru
2024,Gujarat Titans,Chennai Super Kings,Gujarat Titans
2024,Kolkata Knight Riders,Mumbai Indians,Kolkata Knight Riders
2024,Rajasthan Royals,Chennai Super Kings,Chennai Super Kings
2024,Royal Challengers Bengaluru,Delhi Capitals,Royal Challengers Bengaluru
2024,Delhi Capitals,Lucknow Super Giants,Delhi Capitals
2024,Rajasthan Royals,Punjab Kings,Punjab Kings
2024,Lucknow Super Giants,Mumbai Indians,Lucknow Super Giants
2024,Royal Challengers Bengaluru,Chennai Super Kings,Royal Challengers Bengaluru
2024,Punjab Kings,Sunrisers Hyderabad,Sunrisers Hyderabad
2024,Sunrisers Hyderabad,Kolkata Knight Riders,Kolkata Knight Riders
2024,Royal Challengers Bengaluru,Rajasthan Royals,Rajasthan Royals
2024,Sunrisers Hyderabad,Rajasthan Royals,Sunrisers Hyderabad
,Sunrisers Hyderabad,Kolkata Knight Riders,Kolkata Knight Riders
